product_id,product_name,sub_category_id
FUR-BO-10001798,bush somerset collection bookcase,1
OFF-LA-10000240,self-adhesive address labels for typewriters by universal,2
OFF-ST-10000760,eldon fold 'n roll cart system,3
OFF-AR-10002833,newell 322,4
OFF-BI-10003910,dxl angle-view binders with locking rings by samsill,5
OFF-AP-10002892,belkin f5c206vtel 6 outlet surge,6
OFF-PA-10002365,xerox 1967,7
OFF-BI-10003656,fellowes pb200 plastic comb binding machine,5
OFF-BI-10000756,storex duratech recycled plastic frosted binders,5
OFF-ST-10000107,fellowes super stor/drawer,3
OFF-AR-10003056,newell 341,4
TEC-PH-10001949,cisco spa 501g ip phone,8
OFF-AR-10000246,newell 318,4
OFF-BI-10001634,wilson jones active use binders,5
TEC-AC-10003027,imation 8gb mini traveldrive usb 2.0 flash drive,9
OFF-BI-10000474,avery recycled flexi-view covers for binding systems,5
OFF-EN-10001509,poly string tie envelopes,10
OFF-AR-10001683,lumber crayons,4
OFF-PA-10000249,easy-staple paper,7
TEC-PH-10000486,plantronics hl10 handset lifter,8
TEC-PH-10004093,panasonic kx-ts550,8
OFF-BI-10003291,wilson jones leather-like binders with dubllock round rings,5
TEC-AC-10002167,imation 8gb micro traveldrive usb 2.0 flash drive,9
OFF-LA-10002762,avery 485,2
FUR-FU-10001706,longer-life soft white bulbs,11
OFF-FA-10000304,advantus push pins,12
OFF-ST-10000604,home/office personal file carts,3
OFF-PA-10001569,xerox 232,7
FUR-CH-10003968,novimex turbo task chair,13
OFF-BI-10001460,plastic binding combs,5
OFF-AR-10001868,prang dustless chalk sticks,4
OFF-PA-10003892,xerox 1943,7
FUR-FU-10000397,luxo economy swing arm lamp,11
TEC-PH-10002726,nettalk duo voip telephone service,8
OFF-BI-10004654,avery binding system hidden tab executive style index sets,5
OFF-ST-10004123,safco industrial wire shelving system,3
OFF-BI-10004182,economy binders,5
OFF-BI-10002309,avery heavy-duty ezd  binder with locking rings,5
OFF-EN-10000927,jet-pak recycled peel 'n' seal padded mailers,10
OFF-ST-10003656,safco industrial wire shelving,3
FUR-CH-10000863,novimex swivel fabric task chair,13
TEC-AC-10001998,logitech ls21 speaker system - pc multimedia - 2.1-ch - wired,9
OFF-LA-10000134,avery 511,2
OFF-ST-10003442,eldon portable mobile manager,3
OFF-AR-10004930,turquoise lead holder with pocket clip,4
OFF-PA-10000304,xerox 1995,7
OFF-PA-10003177,xerox 1999,7
OFF-BI-10002852,ibico standard transparent covers,5
OFF-BI-10004738,flexible leather- look classic collection ring binder,5
FUR-FU-10000629,9-3/4 diameter round wall clock,11
OFF-BI-10001721,trimflex flexible post binders,5
OFF-AP-10000358,fellowes basic home/office series surge protectors,6
OFF-PA-10003256,avery personal creations heavyweight cards,7
TEC-AC-10001767,sandisk ultra 64 gb microsdhc class 10 memory card,9
OFF-BI-10002609,avery hidden tab dividers for binding systems,5
OFF-PA-10004040,universal premium white copier/laser paper (20lb. and 87 bright),7
TEC-AC-10001552,logitech k350 2.4ghz wireless keyboard,9
TEC-AC-10003499,memorex mini travel drive 8 gb usb 2.0 flash drive,9
TEC-PH-10002844,speck products candyshell flip case,8
OFF-AR-10000390,newell chalk holder,4
TEC-AC-10000844,logitech gaming g510s - keyboard,9
FUR-FU-10001934,magnifier swing arm lamp,11
OFF-PA-10004965,xerox 1921,7
OFF-BI-10003650,gbc docubind 300 electric binding machine,5
FUR-FU-10002157,artistic insta-plaque,11
OFF-EN-10002500,globe weis peel & seel first class envelopes,10
TEC-PH-10003875,kld oscar ii style snap-on ultra thin side flip synthetic leather cover case for htc one htc m7,8
FUR-FU-10003773,eldon cleatmat plus chair mats for high pile carpets,11
TEC-PH-10002293,anker 36w 4-port usb wall charger travel power adapter for iphone 5s 5c 5,8
OFF-PA-10002377,xerox 1916,7
OFF-FA-10002780,staples,12
OFF-PA-10001804,xerox 195,7
OFF-PA-10001736,xerox 1880,7
OFF-FA-10002988,ideal clamps,12
OFF-BI-10004781,gbc wire binding strips,5
OFF-SU-10001218,fiskars softgrip scissors,14
OFF-AR-10000940,newell 343,4
OFF-EN-10004030,convenience packs of business envelopes,10
OFF-PA-10004327,xerox 1911,7
TEC-PH-10000215,plantronics cordless phone headset with in-line volume - m214c,8
TEC-PH-10001448,anker astro 15000mah usb portable charger,8
OFF-BI-10002735,gbc prestige therm-a-bind covers,5
OFF-AP-10000326,belkin 7 outlet surgemaster surge protector with phone protection,6
TEC-PH-10001254,jabra biz 2300 duo qd duo corded headset,8
OFF-PA-10001950,southworth 25% cotton antique laid paper & envelopes,7
OFF-PA-10002254,xerox 1883,7
OFF-AR-10001547,newell 311,4
FUR-CH-10004063,global deluxe high-back manager's chair,13
OFF-LA-10002475,avery 519,2
OFF-PA-10002751,xerox 1920,7
TEC-AC-10003657,lenovo 17-key usb numeric keypad,9
OFF-EN-10001990,staple envelope,10
OFF-BI-10004002,wilson jones international size a4 ring binders,5
OFF-AR-10004441,bic brite liner highlighters,4
OFF-ST-10000991,space solutions hd industrial steel shelving.,3
OFF-AR-10002656,sanford liquid accent highlighters,4
OFF-AP-10002518,kensington 7 outlet masterpiece power center,6
TEC-PH-10003931,jbl micro wireless portable bluetooth speaker,8
OFF-PA-10001144,xerox 1913,7
OFF-AP-10000891,kensington 7 outlet masterpiece homeoffice power control center,6
OFF-LA-10003148,avery 51,2
OFF-SU-10002189,acme rosewood handle letter opener,14
TEC-AC-10004659,imation secure+ hardware encrypted usb 2.0 flash drive; 16gb,9
TEC-PH-10003273,at&t tr1909w,8
TEC-PH-10004896,nokia lumia 521 (t-mobile),8
TEC-AC-10002345,hp standard 104 key ps/2 keyboard,9
OFF-BI-10001890,avery poly binder pockets,5
TEC-AC-10002323,sandisk ultra 32 gb microsdhc class 10 memory card,9
TEC-PH-10001552,i need's 3d hello kitty hybrid silicone case cover for htc one x 4g with 3d hello kitty stylus pen green/pink,8
OFF-PA-10000061,xerox 205,7
OFF-AR-10003514,4009 highlighters by sanford,4
OFF-ST-10001414,decoflex hanging personal folder file,3
OFF-PA-10002666,southworth 25% cotton linen-finish paper & envelopes,7
FUR-TA-10004289,boxoffice by design rectangular and half-moon meeting room tables,15
OFF-AP-10003217,eureka sanitaire  commercial upright,6
TEC-PH-10001918,nortel business series terminal t7208 digital phone,8
TEC-PH-10001700,panasonic kx-tg6844b expandable digital cordless telephone,8
TEC-AC-10001266,memorex micro travel drive 8 gb,9
OFF-LA-10004544,avery 505,2
FUR-BO-10004695,o'sullivan 2-door barrister bookcase in odessa pine,1
TEC-AC-10000109,sony micro vault click 16 gb usb 2.0 flash drive,9
TEC-PH-10002563,adtran 1202752g1,8
OFF-FA-10000585,oic bulk pack metal binder clips,12
TEC-MA-10001148,swingline sm12-08 microcut jam free shredder,16
OFF-AR-10001958,stanley bostitch contemporary electric pencil sharpeners,4
OFF-ST-10002485,rogers deluxe file chest,3
FUR-CH-10004860,global low back tilter chair,13
OFF-BI-10001679,gbc instant index system for binding systems,5
FUR-TA-10001705,bush advantage collection round conference table,15
OFF-PA-10002479,xerox 4200 series multiuse premium copy paper (20lb. and 84 bright),7
OFF-PA-10003349,xerox 1957,7
FUR-FU-10000576,luxo professional fluorescent magnifier lamp with clamp-mount base,11
FUR-FU-10004351,staple-based wall hangings,11
TEC-PH-10000011,puregear roll-on screen protector,8
FUR-TA-10002607,ki conference tables,15
FUR-FU-10002505,eldon 100 class desk accessories,11
OFF-ST-10002276,safco steel mobile file cart,3
OFF-EN-10003296,tyvek side-opening peel & seel expanding envelopes,10
TEC-AC-10000290,sabrent 4-port usb 2.0 hub,9
OFF-ST-10002790,safco industrial shelving,3
OFF-BI-10003460,acco 3-hole punch,5
OFF-AP-10002203,eureka disposable bags for sanitaire vibra groomer i upright vac,6
TEC-PH-10001433,cisco small business spa 502g voip phone,8
TEC-AC-10004469,microsoft sculpt comfort mouse,9
OFF-FA-10003472,bagged rubber bands,12
OFF-ST-10004180,safco commercial shelving,3
TEC-AC-10003628,logitech 910-002974 m325 wireless mouse for web scrolling,9
FUR-FU-10003274,regeneration desk collection,11
OFF-BI-10002557,presstex flexible ring binders,5
OFF-AR-10001427,newell 330,4
OFF-ST-10000876,eldon simplefile box office,3
OFF-LA-10002043,avery 489,2
OFF-BI-10004967,round ring binders,5
OFF-PA-10000474,easy-staple paper,7
TEC-AC-10001956,microsoft arc touch mouse,9
OFF-PA-10004100,xerox 216,7
OFF-BI-10000778,gbc velobinder electric binding machine,5
OFF-FA-10002983,advantus slideclip paper clips,12
OFF-LA-10004689,avery 512,2
TEC-AC-10002001,logitech wireless gaming headset g930,9
FUR-CH-10001891,global deluxe office fabric chairs,13
FUR-FU-10002918,eldon clustermat chair mat with cordless antistatic protection,11
OFF-BI-10004593,ibico laser imprintable binding system covers,5
OFF-PA-10002105,xerox 223,7
OFF-PA-10004243,xerox 1939,7
OFF-BI-10002706,avery premier heavy-duty binder with round locking rings,5
FUR-TA-10002533,bpi conference tables,15
FUR-FU-10002671,electrix 20w halogen replacement bulb for zoom-in desk lamp,11
OFF-AR-10003651,newell 350,4
OFF-AR-10002135,boston heavy-duty trimline electric pencil sharpeners,4
OFF-AR-10002804,faber castell col-erase pencils,4
FUR-FU-10001918,c-line cubicle keepers polyproplyene holder with velcro backings,11
FUR-CH-10004086,hon 4070 series pagoda armless upholstered stacking chairs,13
OFF-LA-10000634,avery 509,2
TEC-PH-10002398,at&t 1070 corded phone,8
OFF-PA-10001937,xerox 21,7
FUR-CH-10002602,dmi arturo collection mission-style design wood chair,13
TEC-AC-10000892,netgear n750 dual band wi-fi gigabit router,9
OFF-FA-10000624,oic binder clips,12
TEC-AC-10001908,logitech wireless headset h800,9
FUR-FU-10001967,telescoping adjustable floor lamp,11
TEC-PH-10003645,aastra 57i voip phone,8
OFF-LA-10001074,round specialty laser printer labels,2
OFF-BI-10001524,gbc premium transparent covers with diagonal lined pattern,5
TEC-PH-10004614,at&t 841000 phone,8
OFF-BI-10001153,ibico recycled grain-textured covers,5
OFF-BI-10001982,wilson jones custom binder spines & labels,5
OFF-BI-10001922,storex dura pro binders,5
OFF-BI-10004140,avery non-stick binders,5
OFF-BI-10003314,tuff stuff recycled round ring binders,5
OFF-AR-10000122,newell 314,4
OFF-PA-10001970,xerox 1881,7
OFF-BI-10002160,acco hanging data binders,5
FUR-BO-10002268,sauder barrister bookcases,1
FUR-CH-10000785,global ergonomic managers chair,13
OFF-AR-10003732,newell 333,4
FUR-FU-10000023,eldon wave desk accessories,11
OFF-BI-10002412,wilson jones “snap” scratch pad binder tool for ring binders,5
OFF-SU-10001225,staple remover,14
OFF-ST-10002406,pizazz global quick file,3
OFF-PA-10002036,xerox 1930,7
OFF-ST-10002205,file shuttle i and handi-file,3
OFF-AR-10000658,newell 324,4
TEC-AC-10002076,microsoft natural keyboard elite,9
OFF-PA-10003039,xerox 1960,7
OFF-AP-10000696,holmes odor grabber,6
OFF-ST-10003327,akro-mils 12-gallon tote,3
OFF-PA-10004734,southworth structures collection,7
TEC-AC-10004708,sony 32gb class 10 micro sdhc r40 memory card,9
TEC-AC-10002335,logitech media keyboard k200,9
TEC-MA-10001681,lexmark marknet n8150 wireless print server,16
FUR-FU-10001935,3m hangers with command adhesive,11
OFF-AR-10004757,crayola colored pencils,4
TEC-PH-10003012,nortel meridian m3904 professional digital phone,8
OFF-BI-10003982,wilson jones century plastic molded ring binders,5
OFF-BI-10004492,tuf-vin binders,5
OFF-ST-10000798,2300 heavy-duty transfer file systems by perma,3
OFF-PA-10002552,xerox 1958,7
OFF-ST-10001580,super decoflex portable personal file,3
TEC-AC-10000158,sony 64gb class 10 micro sdhc r40 memory card,9
OFF-PA-10001947,xerox 1974,7
OFF-AP-10004249,staple holder,6
OFF-LA-10003766,self-adhesive removable labels,2
FUR-CH-10003956,novimex high-tech fabric mesh task chair,13
OFF-PA-10000157,xerox 191,7
OFF-AR-10004344,bulldog vacuum base pencil sharpener,4
FUR-CH-10004886,bevis steel folding chairs,13
OFF-PA-10003845,xerox 1987,7
OFF-AR-10001573,american pencil,4
TEC-AC-10004114,keytronic 6101 series - keyboard - black,9
OFF-ST-10000918,crate-a-files,3
FUR-FU-10003347,coloredge poster frame,11
OFF-BI-10001543,gbc velobinder manual binding system,5
OFF-AR-10000369,design ebony sketching pencil,4
OFF-BI-10004584,gbc proclick 150 presentation binding system,5
OFF-ST-10000617,woodgrain magazine files by perma,3
OFF-BI-10000773,insertable tab post binder dividers,5
TEC-AC-10002600,belkin qode fastfit bluetooth keyboard,9
OFF-PA-10002230,xerox 1897,7
FUR-CH-10003396,global deluxe steno chair,13
FUR-FU-10000246,aluminum document frame,11
OFF-ST-10000060,fellowes bankers box staxonsteel drawer file/stacking system,3
OFF-ST-10003058,eldon mobile mega data cart  mega stackable  add-on trays,3
FUR-CH-10002372,office star - ergonomically designed knee chair,13
OFF-LA-10001317,avery 520,2
OFF-AR-10000588,newell 345,4
OFF-ST-10001469,fellowes bankers box recycled super stor/drawer,3
OFF-AR-10001953,boston 1645 deluxe heavier-duty electric pencil sharpener,4
OFF-AR-10003156,50 colored long pencils,4
OFF-AR-10004974,newell 342,4
TEC-PH-10002365,belkin grip candy sheer case / cover for iphone 5 and 5s,8
FUR-TA-10001539,chromcraft rectangular conference tables,15
TEC-AC-10001772,memorex mini travel drive 16 gb usb 2.0 flash drive,9
OFF-EN-10001415,staple envelope,10
OFF-AP-10002472,3m office air cleaner,6
OFF-BI-10001098,acco d-ring binder w/dubllock,5
OFF-BI-10000315,poly designer cover & back,5
OFF-SU-10003505,premier electric letter opener,14
FUR-BO-10002824,bush mission pointe library,1
OFF-BI-10002194,cardinal hold-it cd pocket,5
OFF-ST-10002743,safco boltless steel shelving,3
OFF-PA-10003465,xerox 1912,7
TEC-PH-10000149,cisco spa525g2 ip phone - wireless,8
OFF-AR-10003045,prang colored pencils,4
TEC-AC-10001445,imation usb 2.0 swivel flash drive usb flash drive - 4 gb - pink,9
TEC-AC-10002567,logitech g602 wireless gaming mouse,9
OFF-LA-10003923,alphabetical labels for top tab filing,2
FUR-BO-10001337,o'sullivan living dimensions 2-shelf bookcases,1
TEC-PH-10001924,ihome fm clock radio with lightning dock,8
TEC-PH-10000376,square credit card reader,8
TEC-AC-10000303,logitech m510 wireless mouse,9
OFF-ST-10001809,fellowes officeware wire shelving,3
OFF-EN-10003845,colored envelopes,10
TEC-AC-10000991,sony micro vault click 8 gb usb 2.0 flash drive,9
FUR-TA-10001857,balt solid wood rectangular table,15
OFF-BI-10002498,clear mylar reinforcing strips,5
FUR-FU-10000073,deflect-o glasstique clear desk accessories,11
OFF-BI-10001670,vinyl sectional post binders,5
OFF-BI-10001658,gbc standard therm-a-bind covers,5
OFF-BI-10000831,storex flexible poly binders with double pockets,5
OFF-AR-10001662,rogers handheld barrel pencil sharpener,4
OFF-AR-10003856,newell 344,4
OFF-ST-10001228,personal file boxes with fold-down carry handle,3
FUR-FU-10001290,executive impressions supervisor wall clock,11
TEC-AC-10002399,sandisk cruzer 32 gb usb flash drive,9
OFF-AR-10003811,newell 327,4
OFF-AR-10001246,newell 317,4
OFF-ST-10004507,advantus rolling storage box,3
OFF-PA-10001667,great white multi-use recycled paper (20lb. and 84 bright),7
OFF-ST-10000736,carina double wide media storage towers in natural & black,3
OFF-BI-10000285,xtralife clearvue slant-d ring binders by cardinal,5
TEC-PH-10003555,motorola hk250 universal bluetooth headset,8
TEC-AC-10003832,imation 16gb mini traveldrive usb 2.0 flash drive,9
OFF-FA-10002815,staples,12
OFF-ST-10004963,eldon gobal file keepers,3
FUR-CH-10000595,safco contoured stacking chairs,13
FUR-FU-10000448,tenex chairmats for use with carpeted floors,11
OFF-ST-10001325,sterilite officeware hinged file box,3
OFF-BI-10004528,cardinal poly pocket divider pockets for ring binders,5
OFF-AP-10001271,eureka the boss cordless rechargeable stick vac,6
TEC-AC-10001432,enermax aurora lite keyboard,9
TEC-PH-10002262,lg electronics tone+ hbs-730 bluetooth headset,8
TEC-AC-10001465,sandisk cruzer 64 gb usb flash drive,9
TEC-PH-10002597,xblue xb-1670-86 x16 small office telephone - titanium,8
OFF-BI-10000404,avery printable repositionable plastic tabs,5
OFF-PA-10002986,xerox 1898,7
OFF-SU-10001935,staple remover,14
OFF-FA-10004248,advantus t-pin paper clips,12
OFF-AR-10003560,zebra zazzle fluorescent highlighters,4
OFF-LA-10001297,avery 473,2
OFF-PA-10003441,xerox 226,7
FUR-FU-10004020,advantus panel wall acrylic frame,11
TEC-PH-10002496,cisco spa301,8
OFF-PA-10004530,personal creations ink jet cards and labels,7
OFF-PA-10004451,xerox 222,7
FUR-CH-10004997,hon every-day series multi-task chairs,13
TEC-PH-10000347,cush cases heavy duty rugged cover case for samsung galaxy s5 - purple,8
OFF-AR-10003394,newell 332,4
OFF-PA-10001450,rediform s.o.s. phone message books,7
OFF-SU-10001574,acme value line scissors,14
OFF-SU-10004498,martin-yale premier letter opener,14
TEC-PH-10004977,ge 30524ee4,8
TEC-PH-10000586,at&t sb67148 synj,8
OFF-BI-10002764,recycled pressboard report cover with reinforced top hinge,5
TEC-PH-10003800,i.sound portable power - 8000 mah,8
OFF-PA-10002005,xerox 225,7
OFF-PA-10004101,xerox 1894,7
OFF-AR-10004078,newell 312,4
OFF-AP-10004708,fellowes superior 10 outlet split surge protector,6
FUR-FU-10001979,dana halogen swing-arm architect lamp,11
OFF-SU-10004115,acme stainless steel office snips,14
TEC-PH-10001425,mophie juice pack helium for iphone,8
TEC-PH-10003963,ge 2-jack phone line splitter,8
OFF-PA-10002120,xerox 1889,7
OFF-BI-10000848,angle-d ring binders,5
TEC-PH-10003092,motorola l804,8
OFF-LA-10004345,avery 493,2
OFF-PA-10001204,xerox 1972,7
OFF-BI-10002949,prestige round ring binders,5
OFF-BI-10002824,recycled easel ring binders,5
TEC-PH-10002538,grandstream gxp1160 voip phone,8
OFF-AP-10001563,belkin premiere surge master ii 8-outlet surge protector,6
OFF-ST-10001963,tennsco regal shelving units,3
TEC-AC-10001267,imation 32gb pocket pro usb 3.0 flash drive - 32 gb - black - 1 p ...,9
TEC-PH-10002103,jabra speak 410,8
FUR-CH-10001482,office star - mesh screen back chair with vinyl seat,13
OFF-BI-10001989,premium transparent presentation covers by gbc,5
OFF-AP-10003287,tripp lite tlp810net broadband surge for modem/fax,6
OFF-BI-10004728,wilson jones turn tabs binder tool for ring binders,5
FUR-FU-10000732,eldon 200 class desk accessories,11
OFF-ST-10000585,economy rollaway files,3
OFF-LA-10002787,avery 480,2
OFF-PA-10001934,xerox 1993,7
OFF-FA-10003112,staples,12
OFF-AP-10002350,belkin f9h710-06 7 outlet surgemaster surge protector,6
TEC-AC-10001142,first data fd10 pin pad,9
TEC-AC-10001101,sony 16gb class 10 micro sdhc r40 memory card,9
OFF-AP-10002439,tripp lite isotel 8 ultra 8 outlet metal surge,6
OFF-BI-10002827,avery durable poly binders,5
OFF-EN-10002230,airmail envelopes,10
OFF-SU-10004231,acme tagit stainless steel antibacterial scissors,14
TEC-PH-10004042,clearone communications chat 70 oc speaker phone,8
FUR-FU-10002759,12-1/2 diameter round wall clock,11
OFF-AR-10001954,newell 331,4
OFF-AP-10004532,kensington 6 outlet guardian standard surge protector,6
OFF-AP-10000804,hoover portapower portable vacuum,6
OFF-BI-10004632,ibico hi-tech manual binding system,5
OFF-BI-10003305,avery hanging file binders,5
OFF-ST-10002583,fellowes neat ideas storage cubes,3
TEC-AC-10003911,netgear ac1750 dual band gigabit smart wifi router,9
OFF-LA-10001934,avery 516,2
FUR-FU-10004071,luxo professional magnifying clamp-on fluorescent lamps,11
TEC-PH-10002033,konftel 250 conference phone - charcoal black,8
OFF-ST-10002444,recycled eldon regeneration jumbo file,3
TEC-AC-10002253,imation bio 8gb usb flash drive imation corp,9
OFF-PA-10000743,xerox 1977,7
OFF-LA-10002312,avery 490,2
OFF-BI-10001575,gbc linen binding covers,5
FUR-TA-10002774,laminate occasional tables,15
OFF-PA-10001800,xerox 220,7
OFF-AP-10001469,fellowes 8 outlet superior workstation surge protector,6
OFF-AP-10001154,bionaire personal warm mist humidifier/vaporizer,6
TEC-AC-10001606,logitech wireless performance mouse mx for pc and mac,9
OFF-BI-10003355,cardinal holdit business card pockets,5
OFF-PA-10004092,tops green bar computer printout paper,7
OFF-SU-10004664,acme softgrip scissors,14
TEC-PH-10002170,clearsounds csc500 amplified spirit phone corded phone,8
OFF-PA-10001954,xerox 1964,7
TEC-AC-10003610,logitech illuminated - keyboard,9
FUR-BO-10001619,o'sullivan cherrywood estates traditional bookcase,1
OFF-BI-10000138,acco translucent poly ring binders,5
TEC-AC-10001383,logitech wireless touch keyboard k400,9
OFF-LA-10003223,avery 508,2
OFF-BI-10004094,gbc standard plastic binding systems combs,5
OFF-PA-10004971,xerox 196,7
TEC-PH-10000004,belkin iphone and ipad lightning cable,8
OFF-BI-10003638,gbc durable plastic covers,5
FUR-FU-10003577,nu-dell leatherette frames,11
OFF-BI-10000546,avery durable binders,5
FUR-TA-10001095,chromcraft round conference tables,15
OFF-LA-10004484,avery 476,2
OFF-EN-10001532,brown kraft recycled envelopes,10
OFF-BI-10004187,3-ring staple pack,5
FUR-FU-10004306,electrix halogen magnifier lamp,11
OFF-BI-10001036,cardinal easyopen d-ring binders,5
OFF-BI-10000301,gbc instant report kit,5
OFF-AR-10004648,boston 19500 mighty mite electric pencil sharpener,4
OFF-PA-10003657,xerox 1927,7
TEC-AC-10000057,microsoft natural ergonomic keyboard 4000,9
OFF-EN-10000056,cameo buff policy envelopes,10
OFF-BI-10000014,heavy-duty e-z-d binders,5
FUR-CH-10003199,office star - contemporary task swivel chair,13
OFF-LA-10001569,avery 499,2
OFF-PA-10000176,xerox 1887,7
OFF-LA-10002271,smead alpha-z color-coded second alphabetical labels and starter set,2
TEC-PH-10001580,logitech mobile speakerphone p710e - speaker phone,8
OFF-AP-10000576,belkin 7 outlet surgemaster ii,6
OFF-PA-10003953,xerox 218,7
OFF-AR-10001897,model l table or wall-mount pencil sharpener,4
TEC-AC-10004901,kensington slimblade notebook wireless mouse with nano receiver,9
OFF-AR-10003190,newell 32,4
OFF-AP-10000240,belkin f9g930v10-gry 9 outlet surge,6
OFF-PA-10003651,xerox 1968,7
OFF-BI-10003094,self-adhesive ring binder labels,5
OFF-BI-10004230,gbc recycled grain textured covers,5
OFF-PA-10003395,xerox 1941,7
TEC-AC-10002402,razer kraken pro over ear pc and music headset,9
TEC-AC-10003441,kingston digital datatraveler 32gb usb 2.0,9
OFF-FA-10002280,advantus plastic paper clips,12
OFF-SU-10000381,acme forged steel scissors with black enamel handles,14
OFF-EN-10004459,security-tint envelopes,10
TEC-PH-10001557,pyle pmp37led,8
TEC-PH-10002085,clarity 53712,8
OFF-AR-10002956,boston 16801 nautilus battery pencil sharpener,4
TEC-MA-10004002,zebra gx420t direct thermal/thermal transfer printer,16
OFF-BI-10001071,gbc proclick punch binding system,5
OFF-AR-10002578,newell 335,4
FUR-BO-10001519,o'sullivan 3-shelf heavy-duty bookcases,1
OFF-BI-10001294,fellowes binding cases,5
OFF-BI-10001636,ibico plastic and wire spiral binding combs,5
OFF-SU-10002503,acme preferred stainless steel scissors,14
OFF-LA-10004093,avery 486,2
TEC-AC-10000710,maxell dvd-ram discs,9
OFF-AR-10002335,dixon oriole pencils,4
OFF-PA-10001870,xerox 202,7
OFF-PA-10001019,xerox 1884,7
OFF-SU-10002537,acme box cutter scissors,14
OFF-ST-10003221,staple magnet,3
OFF-AR-10003752,deluxe chalkboard eraser cleaner,4
TEC-AC-10001714,logitech mx performance wireless mouse,9
OFF-AR-10003958,newell 337,4
OFF-LA-10004272,avery 482,2
OFF-LA-10004853,avery 483,2
OFF-BI-10003719,large capacity hanging post binders,5
OFF-PA-10003591,southworth 100% cotton the best paper,7
OFF-PA-10001790,xerox 1910,7
TEC-AC-10002049,logitech g19 programmable gaming keyboard,9
OFF-BI-10003984,lock-up easel 'spel-binder',5
FUR-FU-10001424,dax clear box frame,11
OFF-BI-10002071,fellowes black plastic comb bindings,5
OFF-ST-10002486,eldon shelf savers cubes and bins,3
TEC-AC-10000927,anker ultrathin bluetooth wireless keyboard aluminum cover with stand,9
OFF-AR-10003158,fluorescent highlighters by dixon,4
OFF-BI-10003364,binding machine supplies,5
OFF-EN-10001099,staple envelope,10
OFF-PA-10002250,things to do today pad,7
OFF-BI-10004716,wilson jones hanging recycled pressboard data binders,5
OFF-LA-10001045,permanent self-adhesive file folder labels for typewriters by universal,2
OFF-BI-10001510,deluxe heavy-duty vinyl round ring binder,5
TEC-PH-10004536,avaya 5420 digital phone,8
OFF-PA-10002947,xerox 1923,7
OFF-PA-10000019,xerox 1931,7
TEC-PH-10004774,gear head au3700s headset,8
OFF-BI-10003684,wilson jones legal size ring binders,5
OFF-ST-10003816,fellowes high-stak drawer files,3
OFF-ST-10001558,acco perma 4000 stacking storage drawers,3
TEC-AC-10002473,maxell 4.7gb dvd-r,9
TEC-PH-10004531,otterbox commuter series case - iphone 5 & 5s,8
OFF-AP-10004487,kensington 4 outlet masterpiece compact power control center,6
OFF-PA-10003543,xerox 1985,7
TEC-AC-10004353,hypercom p1300 pinpad,9
OFF-BI-10004826,jm magazine binder,5
OFF-AP-10001058,sanyo 2.5 cubic foot mid-size office refrigerators,6
OFF-PA-10000289,xerox 213,7
OFF-AP-10003040,fellowes 8 outlet superior workstation surge protector w/o phone/fax/modem protection,6
FUR-TA-10002356,bevis boat-shaped conference table,15
OFF-PA-10000788,xerox 210,7
FUR-FU-10001940,staple-based wall hangings,11
OFF-BI-10004465,avery durable slant ring binders,5
FUR-FU-10004188,luxo professional combination clamp-on lamps,11
OFF-BI-10000145,zipper ring binder pockets,5
OFF-LA-10001613,avery file folder labels,2
OFF-LA-10004055,color-coded legal exhibit labels,2
OFF-PA-10004621,xerox 212,7
OFF-PA-10001281,computer printout paper with letter-trim fine perforations,7
OFF-ST-10001097,office impressions heavy duty welded shelving & multimedia storage drawers,3
FUR-FU-10001095,dax black cherry wood-tone poster frame,11
OFF-BI-10002012,wilson jones easy flow ii sheet lifters,5
OFF-PA-10004156,xerox 188,7
TEC-MA-10003066,wasp ccd handheld bar code reader,16
OFF-BI-10004022,acco suede grain vinyl round ring binder,5
OFF-AR-10001988,bulldog table or wall-mount pencil sharpener,4
OFF-PA-10003625,xerox 1979,7
OFF-EN-10003862,laser & ink jet business envelopes,10
OFF-ST-10004258,portable personal file box,3
FUR-FU-10002885,magna visual magnetic picture hangers,11
OFF-ST-10000046,fellowes super stor/drawer files,3
OFF-BI-10002049,unikeep view case binders,5
OFF-ST-10003722,project tote personal file,3
TEC-AC-10003198,enermax acrylux wireless keyboard,9
FUR-FU-10002191,g.e. halogen desk lamp bulbs,11
TEC-PH-10004188,otterbox commuter series case - samsung galaxy s4,8
OFF-AR-10001166,staples in misc. colors,4
OFF-EN-10003072,peel & seel envelopes,10
OFF-BI-10000320,gbc plastic binding combs,5
OFF-PA-10001166,xerox 2,7
OFF-PA-10003656,xerox 1935,7
TEC-PH-10000148,cyber acoustics ac-202b speech recognition stereo headset,8
TEC-PH-10003885,cisco spa508g,8
OFF-LA-10001175,avery 514,2
OFF-PA-10000955,southworth 25% cotton granite paper & envelopes,7
FUR-FU-10003975,eldon advantage chair mats for low to medium pile carpets,11
OFF-BI-10003707,aluminum screw posts,5
OFF-AR-10000203,newell 336,4
OFF-AR-10004790,staples in misc. colors,4
TEC-AC-10004761,maxell 4.7gb dvd+rw 3/pack,9
OFF-AP-10000055,belkin f9s820v06 8 outlet surge,6
FUR-FU-10000293,eldon antistatic chair mats for low to medium pile carpets,11
OFF-AR-10000716,dixon ticonderoga erasable checking pencils,4
FUR-FU-10004622,eldon advantage foldable chair mats for low pile carpets,11
OFF-BI-10003529,avery round ring poly binders,5
OFF-BI-10001097,avery hole reinforcements,5
OFF-FA-10001754,stockwell gold paper clips,12
TEC-PH-10002115,plantronics 81402,8
OFF-FA-10003059,assorted color push pins,12
OFF-BI-10003669,3m organizer strips,5
OFF-BI-10003727,avery durable slant ring binders with label holder,5
TEC-AC-10003447,micropad numeric keypads,9
OFF-AR-10000255,newell 328,4
OFF-AP-10002191,belkin 8 outlet surgemaster ii gold surge protector,6
OFF-PA-10000349,easy-staple paper,7
OFF-PA-10003127,easy-staple paper,7
OFF-ST-10003208,adjustable depth letter/legal cart,3
OFF-PA-10000029,xerox 224,7
OFF-LA-10000452,avery 488,2
TEC-PH-10001819,innergie mmini combo duo usb travel charging kit,8
OFF-AR-10002952,stanley contemporary battery pencil sharpeners,4
TEC-PH-10000576,at&t 1080 corded phone,8
OFF-PA-10000605,xerox 1950,7
OFF-BI-10004001,gbc recycled velobinder covers,5
FUR-TA-10004147,hon 4060 series tables,15
OFF-AR-10001545,newell 326,4
TEC-AC-10001013,logitech clearchat comfort/usb headset h390,9
OFF-AR-10002255,newell 346,4
OFF-FA-10003495,staples,12
TEC-PH-10003589,invisibleshield by zagg smudge-free screen protector,8
OFF-PA-10004735,xerox 1905,7
OFF-AR-10002375,newell 351,4
OFF-EN-10001539,staple envelope,10
FUR-TA-10004086,ki adjustable-height table,15
OFF-PA-10000100,xerox 1945,7
OFF-LA-10000973,avery 502,2
OFF-ST-10001476,steel personal filing/posting tote,3
OFF-PA-10001763,xerox 1896,7
OFF-BI-10002072,cardinal slant-d ring binders,5
OFF-FA-10001561,stockwell push pins,12
OFF-FA-10000735,staples,12
OFF-BI-10003350,acco expandable hanging binders,5
TEC-PH-10000307,shocksock galaxy s4 armband,8
FUR-CH-10002126,hon deluxe fabric upholstered stacking chairs,13
TEC-PH-10004700,powergen dual usb car charger,8
OFF-PA-10003172,xerox 1996,7
OFF-ST-10002352,iris project case,3
OFF-BI-10002976,accohide binder by acco,5
OFF-LA-10004425,staple-on labels,2
FUR-CH-10001270,harbour creations steel folding chair,13
TEC-AC-10003174,plantronics s12 corded telephone headset system,9
TEC-PH-10003655,sannysis cute owl design soft skin case cover for samsung galaxy s4,8
OFF-BI-10004656,peel & stick add-on corner pockets,5
OFF-PA-10000682,xerox 1924,7
FUR-FU-10002268,ultra door push plate,11
TEC-AC-10001990,kensington orbit wireless mobile trackball for pc and mac,9
FUR-CH-10004540,global chrome stack chair,13
TEC-PH-10002660,nortel networks t7316 e nt8 b27,8
OFF-AR-10004999,newell 315,4
OFF-BI-10001031,pressboard data binders by wilson jones,5
OFF-BI-10002432,wilson jones standard d-ring binders,5
TEC-PH-10000439,ge dsl phone line filter,8
OFF-PA-10001685,easy-staple paper,7
OFF-ST-10001418,carina media storage towers in natural & black,3
OFF-ST-10000676,fellowes econo/stor drawers,3
OFF-AR-10001022,sanford liquid accent tank-style highlighters,4
FUR-FU-10000076,24-hour round wall clock,11
FUR-FU-10003268,eldon radial chair mat for low to medium pile carpets,11
OFF-AR-10003903,sanford 52201 apsco electric pencil sharpener,4
TEC-PH-10003442,samsung replacement eh64avfwe premium headset,8
OFF-BI-10004519,gbc docubind p100 manual binding machine,5
OFF-EN-10004955,fashion color clasp envelopes,10
FUR-BO-10004467,bestar classic bookcase,1
OFF-AR-10002280,staples in misc. colors,4
OFF-AR-10000462,sanford pocket accent highlighters,4
FUR-FU-10003724,westinghouse clip-on gooseneck lamps,11
FUR-FU-10003535,howard miller distant time traveler alarm clock,11
OFF-AR-10000422,pencil and crayon sharpener,4
OFF-ST-10003306,letter size cart,3
OFF-ST-10000563,fellowes bankers box stor/drawer steel plus,3
FUR-CH-10001973,office star flex back scooter chair with white frame,13
TEC-AC-10000580,logitech g13 programmable gameboard with lcd display,9
OFF-AR-10004022,panasonic kp-380bk classic electric pencil sharpener,4
TEC-AC-10004209,memorex froggy flash drive 4 gb,9
TEC-PH-10003505,geemarc amplipower60,8
OFF-LA-10000121,avery 48,2
OFF-BI-10002026,avery arch ring binders,5
OFF-PA-10000994,xerox 1915,7
OFF-BI-10002813,avery reinforcements for hole-punch pages,5
OFF-AR-10004817,colorific watercolor pencils,4
OFF-AR-10001860,bic liqua brite liner,4
OFF-PA-10002968,xerox 1973,7
FUR-BO-10003433,sauder cornerstone collection library,1
TEC-PH-10003437,blue parrot b250xt professional grade wireless bluetooth headset with,8
OFF-AP-10003971,belkin 6 outlet metallic surge strip,6
FUR-CH-10003846,hon valutask swivel chairs,13
OFF-LA-10001404,avery 517,2
OFF-LA-10001474,avery 477,2
TEC-AC-10003116,memorex froggy flash drive 8 gb,9
OFF-AP-10004859,acco 6 outlet guardian premium surge suppressor,6
OFF-PA-10002659,avoid verbal orders carbonless minifold book,7
OFF-BI-10004139,fellowes presentation covers for comb binding machines,5
OFF-AR-10002818,panasonic kp-310 heavy-duty electric pencil sharpener,4
FUR-FU-10004018,tensor computer mounted lamp,11
OFF-AR-10000411,boston 16701 slimline battery pencil sharpener,4
OFF-LA-10000262,avery 494,2
OFF-AR-10003829,newell 35,4
OFF-BI-10001758,wilson jones 14 line acrylic coated pressboard data binders,5
OFF-BI-10000136,avery non-stick heavy duty view round locking ring binders,5
OFF-ST-10000649,hanging personal folder file,3
FUR-TA-10003473,bretford rectangular conference table tops,15
OFF-PA-10003641,xerox 1909,7
TEC-PH-10001336,digium d40 voip phone,8
TEC-MA-10003183,dymo cardscan personal v9 business card scanner,16
TEC-AC-10001314,case logic 2.4ghz wireless keyboard,9
TEC-AC-10004510,logitech desktop mk120 mouse and keyboard combo,9
OFF-PA-10000806,xerox 1934,7
OFF-AR-10000896,newell 329,4
TEC-PH-10002310,panasonic kx t7731-b digital phone,8
OFF-PA-10001289,white computer printout paper by universal,7
OFF-FA-10000053,revere boxed rubber bands by revere,12
OFF-EN-10003001,ames color-file green diamond border x-ray mailers,10
FUR-TA-10001676,hon 61000 series interactive training tables,15
OFF-PA-10004888,xerox 217,7
OFF-PA-10000418,xerox 189,7
FUR-TA-10001039,ki adjustable-height table,15
OFF-AR-10002240,panasonic kp-150 electric pencil sharpener,4
FUR-CH-10002335,hon gueststacker chair,13
OFF-BI-10002867,gbc recycled regency composition covers,5
OFF-PA-10000501,petty cash envelope,7
OFF-AP-10004980,3m replacement filter for office air cleaner for 20' x 33' room,6
TEC-PH-10001750,samsung rugby iii,8
OFF-BI-10001191,canvas sectional post binders,5
OFF-PA-10003673,strathmore photo mount cards,7
OFF-PA-10001639,xerox 203,7
TEC-AC-10004975,plantronics audio 995 wireless stereo headset,9
OFF-BI-10004364,storex dura pro binders,5
OFF-PA-10001712,xerox 1948,7
FUR-CH-10004289,global super steno chair,13
TEC-PH-10002564,otterbox defender series case - samsung galaxy s4,8
OFF-BI-10004876,wilson jones suede grain vinyl binders,5
TEC-PH-10004348,otterbox defender series case - iphone 5c,8
OFF-BI-10004352,wilson jones dubllock d-ring binders,5
OFF-BI-10000666,surelock post binders,5
OFF-BI-10000977,ibico plastic spiral binding combs,5
FUR-FU-10001473,dax wood document frame,11
OFF-BI-10001765,wilson jones heavy-duty casebound ring binders with metal hinges,5
TEC-AC-10004571,logitech g700s rechargeable gaming mouse,9
OFF-PA-10001293,xerox 1946,7
OFF-AR-10000634,newell 320,4
OFF-AR-10003770,newell 340,4
OFF-LA-10003121,avery 506,2
OFF-PA-10002262,xerox 192,7
OFF-PA-10002464,hp office recycled paper (20lb. and 87 bright),7
OFF-ST-10002214,x-rack file for hanging folders,3
OFF-PA-10000130,xerox 199,7
TEC-AC-10000865,wd my passport ultra 500gb portable external hard drive,9
OFF-FA-10003021,staples,12
TEC-AC-10001109,logitech trackman marble mouse,9
OFF-ST-10004950,acco perma 3000 stacking storage drawers,3
OFF-PA-10003823,xerox 197,7
TEC-MA-10004458,lexmark x 9575 professional all-in-one color printer,16
OFF-BI-10004965,ibico covers for plastic or wire binding elements,5
OFF-AR-10001419,newell 325,4
OFF-PA-10002586,xerox 1970,7
OFF-AR-10002221,12 colored short pencils,4
OFF-FA-10004968,rubber band ball,12
OFF-PA-10001274,loose memo sheets,7
OFF-PA-10001125,xerox 1988,7
OFF-ST-10003324,belkin omniview se rackmount kit,3
FUR-FU-10003981,eldon wave desk accessories,11
OFF-AP-10004868,hoover commercial soft guard upright vacuum and disposable filtration bags,6
OFF-LA-10002195,avery 481,2
OFF-AR-10001315,newell 310,4
OFF-EN-10003134,staple envelope,10
OFF-AR-10001955,newell 319,4
OFF-LA-10001641,avery 518,2
OFF-ST-10001370,sensible storage wiretech storage systems,3
TEC-PH-10004539,wireless extenders zboost yx545 soho signal booster,8
TEC-AC-10003038,kingston digital datatraveler 16gb usb 2.0,9
OFF-BI-10000088,gbc imprintable covers,5
OFF-AR-10003504,newell 347,4
OFF-EN-10003160,pastel pink envelopes,10
TEC-AC-10003280,belkin f8e887 usb wired ergonomic keyboard,9
TEC-PH-10000169,arkon windshield dashboard air vent car mount holder,8
OFF-PA-10001526,xerox 1949,7
OFF-PA-10001357,xerox 1886,7
TEC-PH-10004830,pyle prt45 retro home telephone,8
OFF-PA-10004519,spiral phone message books with labels by adams,7
FUR-BO-10000362,sauder inglewood library bookcases,1
OFF-PA-10000308,xerox 1901,7
OFF-SU-10001165,acme elite stainless steel scissors,14
OFF-AR-10003251,prang drawing pencil set,4
OFF-AR-10000823,newell 307,4
OFF-AR-10004456,panasonic kp-4abk battery-operated pencil sharpener,4
OFF-BI-10000591,avery binder labels,5
TEC-PH-10000441,vtech ds6151,8
TEC-AC-10004855,v7 usb numeric keypad,9
OFF-AR-10001915,peel-off china markers,4
OFF-ST-10000352,acco perma 2700 stacking storage drawers,3
TEC-AC-10003063,micro innovations usb rf wireless keyboard with mouse,9
TEC-PH-10000038,jawbone mini jambox wireless bluetooth speaker,8
OFF-PA-10002689,weyerhaeuser first choice laser/copy paper (20lb. and 88 bright),7
OFF-PA-10004359,multicolor computer printout paper,7
OFF-BI-10004224,catalog binders with expanding posts,5
TEC-PH-10003357,grandstream gxp2100 mainstream business phone,8
OFF-PA-10004475,xerox 1940,7
OFF-PA-10003001,xerox 1986,7
OFF-FA-10000611,binder clips by oic,12
TEC-PH-10004922,rca visys integrated pbx 8-line router,8
OFF-BI-10002353,gbc velobind cover sets,5
OFF-FA-10002676,colored push pins,12
TEC-AC-10003023,logitech g105 gaming keyboard,9
OFF-PA-10000167,xerox 1925,7
TEC-PH-10002185,qvs usb car charger 2-port 2.1amp for ipod/iphone/ipad/ipad 2/ipad 3,8
FUR-FU-10000758,dax natural wood-tone poster frame,11
TEC-MA-10004679,startech.com 10/100 vdsl2 ethernet extender kit,16
OFF-BI-10002414,gbc proclick spines for 32-hole punch,5
TEC-AC-10003133,memorex mini travel drive 4 gb usb 2.0 flash drive,9
TEC-AC-10002006,memorex micro travel drive 16 gb,9
OFF-LA-10002381,avery 497,2
OFF-FA-10001843,staples,12
OFF-LA-10003077,avery 500,2
OFF-PA-10004405,rediform voice mail log books,7
FUR-BO-10003965,o'sullivan manor hill 2-door library in brianna oak,1
FUR-FU-10002088,nu-dell float frame 11 x 14 1/2,11
TEC-PH-10001061,apple iphone 5c,8
TEC-AC-10000736,logitech g600 mmo gaming mouse,9
OFF-AP-10000828,avanti 4.4 cu. ft. refrigerator,6
OFF-AP-10002906,hoover replacement belt for commercial guardsman heavy-duty upright vacuum,6
OFF-AP-10003860,fellowes advanced 8 outlet surge suppressor with phone/fax protection,6
OFF-PA-10001457,white gluetop scratch pads,7
OFF-AP-10002082,holmes hepa air purifier,6
OFF-PA-10004355,xerox 231,7
OFF-PA-10004947,easy-staple paper,7
FUR-TA-10004607,hon 2111 invitation series straight table,15
OFF-PA-10003893,xerox 1962,7
FUR-FU-10001591,advantus panel wall certificate holder - 8.5x11,11
OFF-LA-10002034,avery 478,2
OFF-ST-10000877,recycled steel personal file for standard file folders,3
OFF-AR-10004752,blackstonian pencils,4
OFF-PA-10000675,xerox 1919,7
OFF-PA-10001609,tops wirebound message log books,7
TEC-PH-10001615,at&t cl82213,8
TEC-AC-10004568,maxell lto ultrium - 800 gb,9
TEC-PH-10000455,ge 30522ee2,8
TEC-AC-10002926,logitech wireless marathon mouse m705,9
TEC-PH-10004897,mediabridge sport armband iphone 5s,8
FUR-FU-10001196,dax cubicle frames - 8x10,11
OFF-PA-10000595,xerox 1929,7
OFF-LA-10000443,avery 501,2
OFF-LA-10001771,avery 513,2
OFF-AP-10001394,harmony air purifier,6
OFF-AP-10004233,honeywell enviracaire portable air cleaner for up to 8 x 10 room,6
OFF-PA-10000809,xerox 206,7
OFF-PA-10003729,xerox 1998,7
OFF-AP-10001005,honeywell quietcare hepa air cleaner,6
FUR-CH-10000988,hon olson stacker stools,13
FUR-FU-10004973,flat face poster frame,11
OFF-PA-10000528,xerox 1981,7
OFF-PA-10003129,tops white computer printout paper,7
OFF-AR-10003631,staples in misc. colors,4
TEC-PH-10004959,classic ivory antique telephone zl1810,8
TEC-PH-10002824,jabra speak 410 multidevice speakerphone,8
OFF-PA-10003309,xerox 211,7
OFF-ST-10002554,tennsco industrial shelving,3
OFF-AR-10002067,newell 334,4
FUR-TA-10004767,safco drafting table,15
FUR-BO-10003272,o'sullivan living dimensions 5-shelf bookcases,1
TEC-PH-10000984,panasonic kx-tg9471b,8
OFF-EN-10002621,staple envelope,10
OFF-LA-10003714,avery 510,2
FUR-FU-10001889,ultra door pull handle,11
OFF-AR-10003723,avery hi-liter fluorescent desk style markers,4
OFF-AR-10001446,newell 309,4
OFF-EN-10001749,jiffy padded mailers with self-seal closure,10
OFF-BI-10004390,gbc docubind 200 manual binding machine,5
FUR-CH-10000155,global comet stacking armless chair,13
OFF-BI-10001757,pressboard hanging data binders for unburst sheets,5
FUR-FU-10004093,hand-finished solid wood document frame,11
OFF-PA-10001878,xerox 1891,7
OFF-LA-10003190,avery 474,2
TEC-PH-10001809,panasonic kx t7736-b digital phone,8
FUR-CH-10003981,global commerce series low-back swivel/tilt chairs,13
OFF-ST-10002562,staple magnet,3
TEC-PH-10001198,avaya 4621sw voip phone,8
OFF-PA-10001972,xerox 214,7
TEC-PH-10002483,motorola moto x,8
FUR-BO-10000468,o'sullivan 2-shelf heavy-duty bookcases,1
TEC-AC-10001284,enermax briskie rf wireless keyboard and mouse combo,9
OFF-BI-10002082,gbc twin loop wire binding elements,5
FUR-TA-10001889,bush advantage collection racetrack conference table,15
OFF-AR-10004582,bic brite liner grip highlighters,4
TEC-AC-10002842,wd my passport ultra 2tb portable external hard drive,9
TEC-AC-10002217,imation clip usb flash drive - 8 gb,9
OFF-BI-10002954,newell 3-hole punched plastic slotted magazine holders for binders,5
OFF-ST-10000025,fellowes stor/drawer steel plus storage drawers,3
OFF-AP-10003281,acco 6 outlet guardian standard surge suppressor,6
OFF-BI-10001249,avery heavy-duty ezd view binder with locking rings,5
TEC-AC-10002718,belkin standard 104 key usb keyboard,9
OFF-AR-10000127,newell 321,4
TEC-PH-10003811,jabra supreme plus driver edition headset,8
OFF-BI-10002393,binder posts,5
OFF-PA-10002160,xerox 1978,7
OFF-FA-10004395,plymouth boxed rubber bands by plymouth,12
OFF-AP-10002534,3.6 cubic foot counter height office refrigerator,6
OFF-ST-10000943,eldon profile file 'n store portable file tub letter/legal size black,3
FUR-CH-10001854,office star - professional matrix back chair with 2-to-1 synchro tilt and mesh fabric seat,13
OFF-PA-10000533,southworth parchment paper & envelopes,7
OFF-PA-10001661,xerox 1922,7
OFF-BI-10004817,gbc personal velobind strips,5
FUR-CH-10003833,novimex fabric task chair,13
TEC-AC-10001114,microsoft wireless mobile mouse 4000,9
FUR-TA-10004534,bevis 44 x 96 conference tables,15
OFF-FA-10002975,staples,12
OFF-PA-10000477,xerox 1952,7
TEC-AC-10002800,plantronics audio 478 stereo usb headset,9
TEC-AC-10003289,anker ultra-slim mini bluetooth 3.0 wireless keyboard,9
OFF-PA-10001295,computer printout paper with letter-trim perforations,7
OFF-LA-10000248,avery 52,2
OFF-FA-10004076,translucent push pins by oic,12
OFF-LA-10004008,avery 507,2
OFF-AR-10001177,newell 349,4
OFF-BI-10001718,gbc docubind p50 personal binding machine,5
OFF-AR-10004602,boston ks multi-size manual pencil sharpener,4
OFF-PA-10000357,xerox 1888,7
OFF-AR-10004272,newell 308,4
OFF-ST-10003638,mobile personal file cube,3
FUR-BO-10002213,dmi eclipse executive suite bookcases,1
FUR-BO-10001972,o'sullivan 4-shelf bookcase in odessa pine,1
OFF-EN-10003040,quality park security envelopes,10
OFF-AP-10000124,acco 6 outlet guardian basic surge suppressor,6
TEC-PH-10002807,motorla hx550 universal bluetooth headset,8
OFF-SU-10001664,acme office executive series stainless steel trimmers,14
TEC-PH-10001536,spigen samsung galaxy s5 case wallet,8
OFF-AR-10004956,newell 33,4
OFF-AR-10003696,panasonic kp-350bk electric pencil sharpener with auto stop,4
OFF-PA-10000551,array memo cubes,7
OFF-BI-10004506,wilson jones data.warehouse d-ring binders with dubllock,5
OFF-PA-10000740,xerox 1982,7
FUR-CH-10002084,hon mobius operator's chair,13
OFF-AP-10000692,fellowes mighty 8 compact surge protector,6
OFF-AP-10000252,harmony hepa quiet air purifiers,6
OFF-AP-10003842,euro-pro shark turbo vacuum,6
OFF-AR-10003469,nontoxic chalk,4
TEC-PH-10001578,polycom soundstation2 ex conference phone,8
OFF-PA-10003790,xerox 1991,7
OFF-AP-10002765,fellowes advanced computer series surge protectors,6
OFF-ST-10003692,recycled steel personal file for hanging file folders,3
TEC-PH-10001051,htc one,8
OFF-AR-10000817,manco dry-lighter erasable highlighter,4
OFF-SU-10000952,fiskars home & office scissors,14
FUR-FU-10004597,eldon cleatmat chair mats for medium pile carpets,11
OFF-BI-10002982,avery self-adhesive photo pockets for polaroid photos,5
TEC-PH-10004165,mitel mivoice 5330e ip phone,8
OFF-PA-10004285,xerox 1959,7
TEC-PH-10001944,wi-ex zboost yx540 cellular phone signal booster,8
TEC-AC-10004145,logitech dinovo edge keyboard,9
OFF-PA-10003919,xerox 1989,7
OFF-PA-10002001,xerox 1984,7
OFF-PA-10002787,xerox 227,7
OFF-ST-10003123,fellowes bases and tops for staxonsteel/high-stak systems,3
FUR-FU-10000308,deflect-o glass clear studded chair mats,11
FUR-TA-10001866,bevis round conference room tables and bases,15
OFF-AP-10002222,staple holder,6
OFF-PA-10003971,xerox 1965,7
OFF-AP-10004036,bionaire 99.97% hepa air cleaner,6
TEC-PH-10001527,plantronics mx500i earset,8
FUR-CH-10001394,global leather executive chair,13
TEC-AC-10003095,logitech g35 7.1-channel surround sound headset,9
TEC-AC-10000358,imation secure drive + hardware encrypted usb flash drive - 16 gb,9
OFF-EN-10004147,wausau papers astrobrights colored envelopes,10
OFF-AP-10000026,tripp lite isotel 6 outlet surge protector with fax/modem protection,6
OFF-PA-10003936,xerox 1994,7
FUR-FU-10002501,nu-dell executive frame,11
OFF-AP-10001205,belkin 5 outlet surgemaster power centers,6
OFF-BI-10004141,insertable tab indexes for data binders,5
OFF-BI-10000632,satellite sectional post binders,5
TEC-AC-10004864,memorex micro travel drive 32 gb,9
TEC-MA-10000597,lexmark s315 color inkjet printer,16
OFF-PA-10002960,xerox 1926,7
OFF-PA-10000919,xerox 1918,7
OFF-BI-10001553,spinevue locking slant-d ring binders by cardinal,5
OFF-FA-10000936,acco hot clips clips to go,12
OFF-SU-10004768,acme kleencut forged steel scissors,14
OFF-PA-10002581,xerox 1951,7
FUR-FU-10004848,dax solid wood frames,11
OFF-AP-10002403,acco smartsocket color-coded six-outlet ac adapter model surge protectors,6
OFF-AR-10003087,staples in misc. colors,4
TEC-PH-10000141,clearsounds a400,8
TEC-CO-10000971,hewlett packard 310 color digital copier,17
OFF-FA-10001229,staples,12
OFF-BI-10002437,recycled premium regency composition covers,5
OFF-PA-10004255,xerox 219,7
OFF-PA-10001184,xerox 1903,7
TEC-PH-10003072,panasonic kx-tg9541b dect 6.0 digital 2-line expandable cordless phone with digital answering system,8
TEC-AC-10004171,razer kraken 7.1 surround sound over ear usb gaming headset,9
FUR-TA-10002645,hon rectangular conference tables,15
OFF-BI-10003784,computer printout index tabs,5
OFF-BI-10001617,gbc wire binding combs,5
FUR-TA-10000849,bevis rectangular conference tables,15
FUR-TA-10003748,bevis 36 x 72 conference tables,15
OFF-EN-10002973,ampad #10 peel & seel holiday envelopes,10
OFF-BI-10003963,cardinal holdit data disk pockets,5
OFF-LA-10000081,avery 496,2
OFF-PA-10004983,xerox 23,7
FUR-FU-10002107,eldon pizzaz desk accessories,11
FUR-CH-10001190,global deluxe high-back office chair in storm,13
TEC-AC-10000682,kensington k72356us mouse-in-a-box usb desktop mouse,9
OFF-LA-10004545,avery 50,2
OFF-SU-10002557,fiskars spring-action scissors,14
TEC-PH-10000912,anker 24w portable micro usb car charger,8
OFF-AR-10001473,newell 313,4
OFF-PA-10002245,xerox 1895,7
OFF-AP-10001293,belkin 8 outlet surge protector,6
TEC-PH-10000675,panasonic kx ts3282b corded phone,8
OFF-LA-10004559,avery 49,2
TEC-AC-10002550,maxell 4.7gb dvd-rw 3/pack,9
OFF-BI-10000829,avery non-stick binders,5
FUR-CH-10000513,high-back leather manager's chair,13
TEC-PH-10000895,polycom vvx 310 voip phone,8
TEC-PH-10002555,nortel meridian m5316 digital phone,8
TEC-AC-10001590,dell slim usb multimedia keyboard,9
FUR-FU-10004909,contemporary wood/metal frame,11
TEC-AC-10000387,keytronic kt800p2 - keyboard - black,9
OFF-BI-10001308,gbc standard plastic binding systems' combs,5
TEC-PH-10004833,macally suction cup mount,8
FUR-FU-10001847,eldon image series black desk accessories,11
OFF-ST-10000078,tennsco 6- and 18-compartment lockers,3
OFF-PA-10001752,hammermill copyplus copy paper (20lb. and 84 bright),7
OFF-AR-10003727,berol giant pencil sharpener,4
TEC-AC-10001635,keytronic kt400u2 - keyboard - black,9
OFF-LA-10003663,avery 498,2
OFF-BI-10003196,accohide poly flexible ring binders,5
FUR-CH-10002017,safco optional arm kit for workspace cribbage stacking chair,13
FUR-CH-10004287,safco arco folding chair,13
FUR-FU-10003829,stackable trays,11
OFF-AR-10004691,boston 1730 standup electric pencil sharpener,4
OFF-PA-10000223,xerox 2000,7
OFF-PA-10000062,green bar computer printout paper,7
OFF-PA-10004665,advantus motivational note cards,7
TEC-MA-10002981,i.r.i.s iriscard anywhere 5 card scanner,16
OFF-BI-10002003,ibico presentation index for binding systems,5
TEC-PH-10002890,at&t 17929 lendline telephone,8
OFF-AR-10003183,avery fluorescent highlighter four-color set,4
OFF-PA-10002319,xerox 1944,7
OFF-PA-10001246,xerox 215,7
OFF-PA-10001815,xerox 1885,7
TEC-PH-10000673,plantronics voyager pro hd - bluetooth headset,8
TEC-PH-10002075,at&t el51110 dect,8
TEC-PH-10003691,blackberry q10,8
OFF-SU-10000157,compact automatic electric letter opener,14
TEC-AC-10004227,sandisk ultra 16 gb microsdhc class 10 memory card,9
TEC-AC-10004127,sandisk cruzer 8 gb usb flash drive,9
OFF-ST-10000532,advantus rolling drawer organizers,3
OFF-ST-10001526,iceberg mobile mega data/printer cart,3
TEC-AC-10003709,maxell 4.7gb dvd-r 5/pack,9
OFF-BI-10003166,gbc plasticlear binding covers,5
OFF-ST-10004835,plastic stacking crates & casters,3
OFF-AP-10000159,belkin f9m820v08 8 outlet surge,6
OFF-AP-10001242,apc 7 outlet network surgearrest surge protector,6
TEC-AC-10003433,maxell 4.7gb dvd+r 5/pack,9
TEC-PH-10003187,anker astro mini 3000mah ultra-compact portable charger,8
OFF-FA-10002763,advantus map pennant flags and round head tacks,12
OFF-PA-10004239,xerox 1953,7
OFF-PA-10004782,xerox 228,7
OFF-PA-10003270,xerox 1954,7
OFF-PA-10002421,embossed ink jet note cards,7
OFF-PA-10002923,xerox 1942,7
OFF-PA-10000520,xerox 201,7
TEC-PH-10004389,nokia lumia 925,8
OFF-SU-10000946,staple remover,14
FUR-FU-10001546,dana swing-arm lamps,11
OFF-PA-10003739,xerox 1969,7
OFF-PA-10000327,xerox 1971,7
OFF-EN-10003286,staple envelope,10
OFF-AR-10003772,boston 16750 black compact battery pencil sharpener,4
OFF-ST-10001511,space solutions commercial steel shelving,3
TEC-PH-10002834,google nexus 5,8
FUR-CH-10000422,global highback leather tilter in burgundy,13
FUR-CH-10004875,harbour creations 67200 series stacking chairs,13
OFF-PA-10000213,xerox 198,7
OFF-PA-10003848,xerox 1997,7
FUR-FU-10000755,eldon expressions mahogany wood desk collection,11
FUR-FU-10000550,stacking trays by oic,11
TEC-MA-10004521,epson perfection v600 photo scanner,16
OFF-BI-10003655,durable pressboard binders,5
OFF-AP-10003779,kensington 7 outlet masterpiece power center with fax/phone line protection,6
OFF-FA-10002701,alliance rubber bands,12
FUR-FU-10004666,dax clear channel poster frame,11
OFF-EN-10002312,#10 self-seal white envelopes,10
OFF-AR-10001216,newell 339,4
FUR-FU-10003247,36x48 hardfloor chairmat,11
FUR-TA-10003837,anderson hickey conga table tops & accessories,15
TEC-PH-10002350,apple earpods with remote and mic,8
TEC-AC-10004001,logitech wireless headset h600 over-the-head design,9
OFF-PA-10001534,xerox 230,7
FUR-FU-10002379,eldon econocleat chair mats for low pile carpets,11
OFF-PA-10001977,xerox 194,7
OFF-PA-10002741,xerox 1980,7
OFF-PA-10001471,strathmore photo frame cards,7
TEC-PH-10002200,aastra 6757i ct wireless voip phone,8
OFF-PA-10004438,xerox 1907,7
FUR-FU-10004586,g.e. longer-life indoor recessed floodlight bulbs,11
TEC-PH-10004908,panasonic kx ts3282w corded phone,8
OFF-BI-10004040,wilson jones impact binders,5
OFF-AR-10001615,newell 34,4
TEC-PH-10001299,polycom cx300 desktop phone usb voip phone,8
OFF-AR-10004260,boston 1799 powerhouse electric pencil sharpener,4
OFF-EN-10004773,staple envelope,10
OFF-BI-10001787,wilson jones four-pocket poly binders,5
OFF-ST-10002957,sterilite show offs storage containers,3
OFF-LA-10000407,avery white multi-purpose labels,2
TEC-AC-10000420,logitech g500s laser gaming mouse with adjustable weight tuning,9
TEC-PH-10001760,bose soundlink bluetooth speaker,8
OFF-EN-10004846,letter or legal size expandable poly string tie envelopes,10
OFF-SU-10003567,stiletto hand letter openers,14
OFF-ST-10004459,tennsco single-tier lockers,3
OFF-ST-10002301,tennsco commercial shelving,3
TEC-PH-10003095,samsung hm1900 bluetooth headset,8
TEC-PH-10004912,cisco spa112 2 port phone adapter,8
OFF-AR-10000799,col-erase pencils with erasers,4
OFF-PA-10004609,xerox 221,7
TEC-PH-10003171,plantronics encore h101 dual earpieces headset,8
OFF-AP-10000595,disposable triple-filter dust bags,6
TEC-PH-10001530,plantronics voyager pro legend,8
TEC-AC-10003399,memorex mini travel drive 64 gb usb 2.0 flash drive,9
FUR-FU-10001468,tenex antistatic computer chair mats,11
OFF-PA-10001033,xerox 1893,7
TEC-AC-10000474,kensington expert mouse optical usb trackball for pc or mac,9
TEC-PH-10004667,cisco 8x8 inc. 6753i ip business phone system,8
FUR-FU-10000193,tenex chairmats for use with hard floors,11
OFF-AP-10002867,fellowes command center 5-outlet power strip,6
OFF-PA-10004610,xerox 1900,7
FUR-FU-10000320,oic stacking trays,11
TEC-PH-10004447,toshiba ipt2010-sd ip telephone,8
FUR-FU-10003919,eldon executive woodline ii cherry finish desk accessories,11
TEC-PH-10002415,polycom voicestation 500 conference phone,8
OFF-BI-10001359,gbc docubind tl300 electric binding system,5
OFF-PA-10003363,xerox 204,7
TEC-AC-10002305,keytronic e03601u1 - keyboard - beige,9
TEC-PH-10000369,htc one mini,8
TEC-MA-10001972,okidata c331dn printer,16
OFF-BI-10003476,avery metallic poly binders,5
TEC-MA-10002859,ativa mdm8000 8-sheet micro-cut shredder,16
OFF-AP-10001947,acco 6 outlet guardian premium plus surge suppressor,6
OFF-LA-10001982,smead alpha-z color-coded name labels first letter starter set,2
OFF-PA-10000552,xerox 200,7
OFF-AR-10004062,staples in misc. colors,4
OFF-ST-10000321,akro stacking bins,3
TEC-AC-10002134,rosewill 107 normal keys usb wired standard keyboard,9
TEC-PH-10002549,polycom soundpoint ip 450 voip phone,8
TEC-PH-10004071,payanywhere card reader,8
OFF-PA-10004039,xerox 1882,7
OFF-AR-10001725,boston home & office model 2000 electric pencil sharpeners,4
OFF-AR-10004269,newell 31,4
OFF-PA-10002195,xerox 1966,7
OFF-SU-10002522,acme kleen earth office shears,14
TEC-AC-10002558,imation swivel flash drive usb flash drive - 8 gb,9
FUR-FU-10001731,acrylic self-standing desk frames,11
TEC-PH-10003484,ooma telo voip home phone system,8
OFF-SU-10000432,acco side-punched conventional columnar pads,14
OFF-LA-10004409,avery 492,2
OFF-ST-10001031,adjustable personal file tote,3
TEC-MA-10002428,fellowes powershred hs-440 4-sheet high security shredder,16
OFF-AR-10002987,prismacolor color pencil set,4
TEC-CO-10001571,sharp 1540cs digital laser copier,17
OFF-ST-10001034,eldon file chest portable file,3
OFF-SU-10003002,letter slitter,14
OFF-ST-10001496,standard rollaway file with lock,3
TEC-PH-10000730,samsung galaxy s4 active,8
TEC-AC-10001874,logitech wireless anywhere mouse mx for pc and mac,9
OFF-BI-10000494,acco economy flexible poly round ring binder,5
FUR-TA-10003469,balt split level computer training table,15
OFF-AR-10003179,dixon ticonderoga core-lock colored pencils,4
FUR-TA-10004575,hon 5100 series wood tables,15
FUR-CH-10003606,safco folding chair trolley,13
OFF-LA-10003537,avery 515,2
OFF-PA-10004733,things to do today spiral book,7
TEC-AC-10004814,logitech illuminated ultrathin keyboard with backlighting,9
OFF-SU-10002301,serrated blade or curved handle hand letter openers,14
OFF-SU-10000646,premier automatic letter opener,14
TEC-AC-10001539,logitech g430 surround sound gaming headset with dolby 7.1 technology,9
TEC-PH-10002789,lg exalt,8
OFF-BI-10004828,gbc poly designer binding covers,5
OFF-AR-10001770,economy #2 pencils,4
TEC-AC-10001090,micro innovations wireless classic keyboard with mouse,9
TEC-PH-10001619,lg g3,8
OFF-PA-10000246,riverleaf stik-withit designer note cubes,7
OFF-PA-10001461,hp office paper (20lb. and 87 bright),7
OFF-EN-10001028,staple envelope,10
FUR-CH-10001708,office star - contemporary swivel chair with padded adjustable arms and flex back,13
TEC-PH-10003535,rca visys 25423re1 corded phone,8
FUR-FU-10001085,3m polarizing light filter sleeves,11
OFF-AR-10003481,newell 348,4
OFF-PA-10002606,xerox 1928,7
OFF-AP-10001962,black & decker filter for double action dustbuster cordless vac bldv7210,6
OFF-AR-10002704,boston 1900 electric pencil sharpener,4
TEC-AC-10002942,wd my passport ultra 1tb portable external hard drive,9
TEC-MA-10001016,canon pc170 desktop personal copier,16
OFF-PA-10002499,xerox 1890,7
TEC-PH-10003215,jackery bar premium fast-charging portable charger,8
OFF-AR-10002766,prang drawing pencil set,4
TEC-PH-10002275,mitel 5320 ip phone voip phone,8
FUR-BO-10004360,rush hierlooms collection rich wood bookcases,1
TEC-AC-10000199,kingston digital datatraveler 8gb usb 2.0,9
OFF-AR-10001227,newell 338,4
FUR-CH-10000229,global enterprise series seating high-back swivel/tilt chairs,13
FUR-BO-10002853,o'sullivan 5-shelf heavy-duty bookcases,1
OFF-PA-10004022,hammermill color copier paper (28lb. and 96 bright),7
OFF-PA-10004248,xerox 1990,7
OFF-AP-10000179,honeywell enviracaire portable hepa air cleaner for up to 10 x 16 room,6
OFF-PA-10001363,xerox 1933,7
OFF-EN-10004007,park ridge embossed executive business envelopes,10
TEC-MA-10001570,cisco desktop collaboration experience dx650 ip video phone,16
FUR-FU-10003930,howard miller 12-3/4 diameter accuwave ds  wall clock,11
OFF-PA-10000232,xerox 1975,7
OFF-AR-10001972,newell 323,4
OFF-AP-10001366,staple holder,6
OFF-LA-10003720,avery 487,2
TEC-PH-10000526,vtech cs6719,8
TEC-MA-10003246,hewlett-packard deskjet d4360 printer,16
FUR-FU-10000175,dax wood document frame.,11
OFF-PA-10000556,xerox 208,7
TEC-AC-10003237,memorex micro travel drive 4 gb,9
OFF-EN-10003068,#6 3/4 gummed flap white envelopes,10
FUR-FU-10004053,dax two-tone silver metal document frame,11
FUR-CH-10003973,gueststacker chair with chrome finish legs,13
OFF-PA-10000565,easy-staple paper,7
OFF-LA-10000414,avery 503,2
OFF-AP-10002998,holmes 99% hepa air purifier,6
OFF-AP-10001391,kensington 6 outlet masterpiece homeoffice power control center,6
FUR-BO-10004690,o'sullivan cherrywood estates traditional barrister bookcase,1
OFF-AR-10002445,sanford major accent highlighters,4
OFF-BI-10003925,fellowes pb300 plastic comb binding machine,5
FUR-BO-10003546,hon 4-shelf metal bookcases,1
OFF-AR-10003217,newell 316,4
OFF-AR-10001761,avery hi-liter smear-safe highlighters,4
OFF-PA-10003022,xerox 1992,7
FUR-BO-10000780,o'sullivan plantations 2-door library in landvery oak,1
FUR-TA-10004442,riverside furniture stanwyck manor table series,15
OFF-ST-10000129,fellowes recycled storage drawers,3
OFF-PA-10004948,xerox 190,7
OFF-PA-10001725,xerox 1892,7
TEC-PH-10000213,seidio bd2-hk3iph5-bk dilex case and holster combo for apple iphone 5/5s - black,8
FUR-CH-10000847,global executive mid-back manager's chair,13
OFF-PA-10004353,southworth 25% cotton premium laser paper and envelopes,7
OFF-EN-10004206,multimedia mailers,10
OFF-LA-10003388,avery 5,2
FUR-TA-10002855,bevis round conference table top & single column base,15
TEC-PH-10000193,jensen smps-640 - speaker phone,8
TEC-CO-10004202,brother dcp1000 digital 3 in 1 multifunction machine,17
OFF-ST-10000885,fellowes desktop hanging file manager,3
OFF-PA-10002709,xerox 1956,7
FUR-FU-10003424,nu-dell oak frame,11
FUR-FU-10002508,document clip frames,11
OFF-PA-10003134,xerox 1937,7
FUR-CH-10004983,office star - mid back dual function ergonomic high back chair with 2-way adjustable arms,13
OFF-PA-10003228,xerox 1917,7
TEC-AC-10001542,sandisk cruzer 16 gb usb flash drive,9
TEC-PH-10001079,polycom soundpoint pro se-225 corded phone,8
TEC-AC-10004877,imation 30456 usb flash drive 8gb,9
TEC-PH-10001305,panasonic kx ts208w corded phone,8
OFF-PA-10000483,xerox 19,7
TEC-AC-10000487,sandisk cruzer 4 gb usb flash drive,9
TEC-AC-10002018,amazonbasics 3-button usb wired mouse,9
OFF-PA-10004381,14-7/8 x 11 blue bar computer printout paper,7
OFF-SU-10001212,kleencut forged office shears by acme united corporation,14
TEC-AC-10004396,logitech keyboard k120,9
OFF-AR-10002467,dixon ticonderoga pencils,4
TEC-PH-10004345,cisco spa 502g ip phone,8
OFF-AP-10002651,hoover upright vacuum with dirt cup,6
TEC-MA-10000752,texas instrument ti-15 fraction calculator,16
OFF-FA-10000840,oic thumb-tacks,12
FUR-CH-10003761,global italian leather office chair,13
TEC-PH-10004875,pny rapid usb car charger - black,8
FUR-CH-10001802,hon every-day chair series swivel task chairs,13
OFF-AP-10002670,belkin 8-outlet premiere surgemaster ii surge protectors,6
OFF-FA-10003485,staples,12
OFF-AP-10000390,euro pro shark stick mini vacuum,6
TEC-PH-10004120,at&t 1080 phone,8
OFF-PA-10002764,easy-staple paper,7
OFF-PA-10000143,astroparche fine business paper,7
OFF-ST-10000136,letter size file,3
TEC-PH-10004522,dexim xpower skin super-thin power case for iphone 5 - black,8
FUR-CH-10004626,office star flex back scooter chair with aluminum finish frame,13
TEC-PH-10001128,motorola droid maxx,8
TEC-PH-10000562,samsung convoy 3,8
OFF-LA-10004178,avery 491,2
OFF-PA-10003797,xerox 209,7
FUR-TA-10001768,hon racetrack conference tables,15
OFF-SU-10004737,acme design stainless steel bent scissors,14
TEC-MA-10003173,hewlett-packard 300s scientific calculator,16
OFF-LA-10000305,avery 495,2
TEC-PH-10002583,iottie hlcrio102 car mount,8
FUR-FU-10004864,eldon 500 class desk accessories,11
TEC-PH-10002447,at&t cl83451 4-handset telephone,8
OFF-PA-10003063,ecotones memo sheets,7
OFF-PA-10003302,xerox 1906,7
TEC-MA-10000423,texas instruments ti-34 scientific calculator,16
TEC-AC-10004992,kingston digital datatraveler 64gb usb 2.0,9
OFF-BI-10004099,gbc velobinder strips,5
OFF-PA-10001215,xerox 1963,7
OFF-AP-10000938,avanti 1.7 cu. ft. refrigerator,6
FUR-FU-10003192,luxo adjustable task clamp lamp,11
OFF-PA-10000859,unpadded memo slips,7
OFF-AR-10000614,barrel sharpener,4
OFF-FA-10000089,acco glide clips,12
TEC-PH-10001795,rca h5401re1 dect 6.0 4-line cordless handset with caller id/call waiting,8
OFF-PA-10000048,xerox 20,7
TEC-PH-10001870,lunatik tt5l-002 taktik strike impact protection system for iphone 5,8
OFF-AR-10004010,hunt boston vacuum mount ks pencil sharpener,4
OFF-ST-10003572,portfile personal file boxes,3
TEC-AC-10002637,logitech vx revolution cordless laser mouse for notebooks (black),9
FUR-CH-10001545,hon comfortask task/swivel chairs,13
OFF-AR-10000914,boston 16765 mini stand up battery pencil sharpener,4
TEC-AC-10003033,plantronics cs510 - over-the-head monaural wireless headset system,9
OFF-LA-10003498,avery 475,2
FUR-FU-10000747,tenex b1-re series chair mats for low pile carpets,11
TEC-PH-10004100,griffin gc17055 auxiliary audio cable,8
OFF-ST-10000636,rogers profile extra capacity storage tub,3
TEC-PH-10003174,rca visys 25825 wireless digital phone,8
OFF-PA-10001497,xerox 1914,7
OFF-PA-10001952,xerox 1902,7
OFF-SU-10004661,acme titanium bonded scissors,14
OFF-PA-10001826,xerox 207,7
TEC-MA-10001031,socket bluetooth cordless hand scanner (chs),16
TEC-MA-10003176,okidata b400 printer,16
FUR-CH-10003746,hon 4070 series pagoda round back stacking chairs,13
OFF-PA-10001593,xerox 1947,7
OFF-ST-10000142,deluxe rollaway locking file with drawer,3
TEC-AC-10004803,sony micro vault click 4 gb usb 2.0 flash drive,9
OFF-PA-10001801,xerox 193,7
TEC-PH-10000127,iottie xl car mount,8
OFF-AP-10001564,hoover commercial lightweight upright vacuum with e-z empty dirt cup,6
TEC-AC-10004595,first data tmfd35 pin pad,9
FUR-FU-10002874,ultra commercial grade dual valve door closer,11
FUR-TA-10003715,hon 2111 invitation series corner table,15
FUR-FU-10003489,contemporary borderless frame,11
TEC-PH-10002922,shoretel shorephone ip 230 voip phone,8
TEC-PH-10004006,panasonic kx - ts880b telephone,8
OFF-PA-10000300,xerox 1936,7
OFF-BI-10004308,avery legal 4-ring binder,5
TEC-PH-10004080,avaya 5410 digital phone,8
OFF-ST-10004946,desktop 3-pocket hot file,3
OFF-PA-10002109,wirebound voice message log book,7
TEC-MA-10004255,konica minolta magicolor 1690mf multifunction printer,16
TEC-AC-10001838,razer tiamat over ear 7.1 surround sound pc gaming headset,9
TEC-CO-10001943,canon pc-428 personal copier,17
FUR-FU-10000820,tensor brushed steel torchiere floor lamp,11
TEC-MA-10002930,ricoh - ink collector unit for gx3000 series printers,16
TEC-AC-10000990,imation bio 2gb usb flash drive imation corp,9
OFF-ST-10003716,tennsco double-tier lockers,3
OFF-BI-10004318,ibico eb-19 dual function manual binding system,5
OFF-LA-10002368,avery 479,2
OFF-PA-10000295,xerox 229,7
OFF-SU-10004884,acme galleria hot forged steel scissors with colored handles,14
FUR-FU-10002240,nu-dell ez-mount plastic wall frames,11
TEC-MA-10003356,panasonic kx mc6040 color laser multifunction printer,16
FUR-FU-10001057,tensor track tree floor lamp,11
TEC-PH-10003580,cisco ip phone 7961g-ge voip phone,8
OFF-AP-10003278,belkin 7-outlet surgemaster home series,6
TEC-PH-10002070,griffin gc36547 powerjolt se lightning charger,8
FUR-FU-10000277,deflect-o duramat antistatic studded beveled mat for medium pile carpeting,11
TEC-AC-10004420,cherry 142-key programmable keyboard,9
TEC-MA-10002790,neatdesk desktop scanner & digital filing system,16
OFF-AP-10001634,hoover commercial lightweight upright vacuum,6
OFF-PA-10001837,xerox 1976,7
OFF-BI-10003091,gbc docubind tl200 manual binding machine,5
OFF-PA-10001243,xerox 1983,7
OFF-LA-10002473,avery 484,2
FUR-FU-10003374,electrix fluorescent magnifier lamps & weighted base,11
TEC-PH-10001817,wilson electronics db pro signal booster,8
OFF-ST-10003641,space solutions industrial galvanized steel shelving.,3
OFF-AR-10004707,staples in misc. colors,4
TEC-MA-10004086,plantronics single ear headset,16
FUR-TA-10004619,hon non-folding utility tables,15
TEC-AC-10004518,memorex mini travel drive 32 gb usb 2.0 flash drive,9
OFF-AP-10000027,hoover commercial steamvac,6
OFF-AP-10003849,hoover shoulder vac commercial portable vacuum,6
OFF-PA-10002558,xerox 1938,7
OFF-BI-10000545,gbc ibimaster 500 manual proclick binding system,5
TEC-AC-10000926,netgear rangemax wnr1000 wireless router,9
TEC-PH-10002624,samsung galaxy s4 mini,8
TEC-PH-10001494,polycom cx600 ip phone voip phone,8
OFF-PA-10001846,xerox 1899,7
FUR-TA-10003392,global adaptabilities conference tables,15
FUR-CH-10002073,hon olson stacker chairs,13
TEC-PH-10004434,cisco ip phone 7961g voip phone - dark gray,8
FUR-BO-10004357,o'sullivan living dimensions 3-shelf bookcases,1
FUR-CH-10003312,hon 2090 “pillow soft” series mid back swivel/tilt chairs,13
FUR-TA-10000577,bretford cr4500 series slim rectangular table,15
OFF-FA-10000254,sterling rubber bands by alliance,12
OFF-AP-10004136,kensington 6 outlet smartsocket surge protector,6
TEC-AC-10002370,maxell cd-r discs,9
OFF-AR-10003986,avery hi-liter pen style six-color fluorescent set,4
TEC-PH-10004586,wilson signalboost 841262 db pro amplifier kit,8
TEC-PH-10004094,motorola l703cm,8
FUR-TA-10003569,bretford cr8500 series meeting room furniture,15
OFF-PA-10000312,xerox 1955,7
OFF-ST-10001932,fellowes staxonsteel drawer files,3
TEC-MA-10002694,hewlett-packard deskjet f4180 all-in-one color ink-jet - printer / copier / scanner,16
TEC-MA-10004626,lexmark 20r1285 x6650 wireless all-in-one printer,16
OFF-SU-10003936,acme serrated blade letter opener,14
TEC-MA-10003337,okidata b401 printer,16
OFF-PA-10000210,xerox blank computer paper,7
FUR-CH-10002317,global enterprise series seating low-back swivel/tilt chairs,13
FUR-CH-10002320,hon pagoda stacking chairs,13
OFF-LA-10004677,self-adhesive address labels for typewriters with dispenser box,2
FUR-CH-10003379,global commerce series high-back swivel/tilt chairs,13
FUR-CH-10002780,office star - task chair with contemporary loop arms,13
OFF-EN-10001535,grip seal envelopes,10
TEC-MA-10003493,penpower worldcard pro card scanner,16
TEC-AC-10002380,sony 8gb class 10 micro sdhc r40 memory card,9
TEC-PH-10002817,rca visys 25425re1 corded phone,8
TEC-MA-10003589,cisco 8961 ip phone charcoal,16
